{"cameraMode":{"drawMode":0,"name":"Shaded","section":"Shading Mode"},"sceneLighting":false,"audioPlay":false,"sceneViewState":{"showFog":true,"showMaterialUpdate":false,"showSkybox":true,"showFlares":true,"showImageEffects":true,"showParticleSystems":true},"in2DMode":false,"pivot":{"x":3.381880283355713,"y":1.3976234197616578,"z":-10.480766296386719},"rotation":{"x":0.17566850781440736,"y":-0.19786322116851808,"z":0.03606714680790901,"w":0.9636855721473694},"size":5.82252311706543,"orthographic":false}